channel,budget,budget_pct,roi
tv,40000.0,40.0,3.606191063461723
display,9285.714285714286,9.285714285714286,-0.00567009449204496
email,9285.714285714286,9.285714285714286,-0.013588888975610622
print,9285.714285714286,9.285714285714286,-0.053681479940761605
search,9285.714285714286,9.285714285714286,-0.11135569938212199
social_media,9285.714285714286,9.285714285714286,-0.6258249768493506
radio,9285.714285714286,9.285714285714286,-2.9787233019758266
