{"rmse": 28208.833040159887, "mae": 16805.724803287154, "r2": -0.09061494913040025, "mape": 33.632412445837815}